{
  "model_id": "qwen3:30b-a3b",
  "total_questions": 50,
  "correct": 46,
  "accuracy": 0.92,
  "parity_vs_kimi": 1.0478359908883828,
  "avg_tps": 54.666816540119854,
  "avg_ttft_ms": 653.74552252,
  "passes_parity_bar": true
}